date,datetime,total_machines,broken_machines
2025-02-15,2025-02-15 19:01:14,13159,1267
2025-02-14,2025-02-14 19:31:09,11428,1068
2025-02-13,2025-02-13 19:31:07,11707,1189
2025-02-12,2025-02-12 19:31:11,11636,1277
2025-02-11,2025-02-11 19:31:00,12011,1414
2025-02-10,2025-02-10 19:31:05,12039,1486
2025-02-09,2025-02-09 19:31:04,11862,1375
2025-02-08,2025-02-08 19:31:09,11812,1111
2025-02-07,2025-02-07 19:31:10,11810,1087
2025-02-06,2025-02-06 19:31:08,11987,1179
2025-02-05,2025-02-05 19:31:12,11730,1237
2025-02-04,2025-02-04 19:31:05,11877,1288
2025-02-03,2025-02-03 19:31:01,11866,1401
2025-02-02,2025-02-02 19:31:16,11835,1292
2025-02-01,2025-02-01 19:30:57,11757,1142
2025-01-31,2025-01-31 19:31:09,11466,1097
2025-01-30,2025-01-30 19:31:11,12797,1302
2025-01-29,2025-01-29 19:31:08,12984,1375
2025-01-28,2025-01-28 19:31:13,12966,1507
2025-01-27,2025-01-27 19:31:04,13135,1660
2025-01-26,2025-01-26 19:31:11,13446,1553
2025-01-25,2025-01-25 19:31:16,13277,1371
2025-01-24,2025-01-24 19:31:11,13395,1377
2025-01-23,2025-01-23 19:31:05,12856,1429
2025-01-22,2025-01-22 19:31:07,13101,1471
2025-01-21,2025-01-21 19:31:14,13434,1613
2025-01-20,2025-01-20 19:31:08,13414,1631
2025-01-19,2025-01-19 19:31:06,13262,1503
2025-01-18,2025-01-18 19:31:10,13591,1382
2025-01-17,2025-01-17 19:31:04,13106,1341
2025-01-16,2025-01-16 19:31:03,13199,1383
2025-01-15,2025-01-15 19:31:09,15066,1692
2025-01-14,2025-01-14 19:31:04,13559,1596
2025-01-13,2025-01-13 19:31:02,13561,1679
2025-01-12,2025-01-12 19:31:12,13470,1614
2025-01-11,2025-01-11 19:30:50,13425,1444
2025-01-10,2025-01-10 19:31:05,13405,1364
2025-01-09,2025-01-09 19:31:19,13754,1500
2025-01-08,2025-01-08 19:31:09,13342,1448
2025-01-07,2025-01-07 19:31:06,13248,1625
2025-01-06,2025-01-06 19:31:16,13312,1676
2025-01-05,2025-01-05 19:31:09,13599,1560
2025-01-04,2025-01-04 19:31:19,13578,1394
2025-01-03,2025-01-03 19:31:07,13602,1501
2025-01-02,2025-01-02 19:31:21,13483,1684
2025-01-01,2025-01-01 19:31:15,12748,1621
2024-12-31,2024-12-31 19:31:15,13379,1741
2024-12-30,2024-12-30 19:31:14,13440,1762
2024-12-29,2024-12-29 19:31:08,13406,1603
2024-12-28,2024-12-28 19:31:13,13497,1476
2024-12-27,2024-12-27 19:31:03,13568,1596
2024-12-26,2024-12-26 19:31:25,13562,1797
2024-12-25,2024-12-25 19:31:09,13561,1837
2024-12-24,2024-12-24 19:31:04,13272,1736
2024-12-23,2024-12-23 19:31:06,13307,1671
2024-12-22,2024-12-22 19:31:06,13564,1516
2024-12-21,2024-12-21 19:31:02,13486,1306
2024-12-20,2024-12-20 19:31:10,13395,1310
2024-12-19,2024-12-19 19:31:17,13212,1434
2024-12-18,2024-12-18 19:31:19,13042,1420
2024-12-17,2024-12-17 19:31:18,13038,1517
2024-12-16,2024-12-16 19:31:22,13186,1643
2024-12-15,2024-12-15 19:31:21,13303,1552
2024-12-14,2024-12-14 19:31:10,13300,1347
2024-12-13,2024-12-13 19:31:07,13130,1306
2024-12-12,2024-12-12 19:31:14,13050,1317
2024-12-11,2024-12-11 19:31:05,12931,1415
2024-12-10,2024-12-10 19:31:07,13187,1566
2024-12-09,2024-12-09 19:31:05,13070,1648
2024-12-08,2024-12-08 19:31:10,13116,1561
2024-12-07,2024-12-07 19:31:06,13218,1362
2024-12-04,2024-12-04 19:31:24,13290,1574
2024-12-03,2024-12-03 19:31:17,13291,1681
2024-12-02,2024-12-02 19:31:17,13283,1805
2024-12-01,2024-12-01 19:31:16,13399,1727
2024-11-30,2024-11-30 19:31:09,13374,1535
2024-11-29,2024-11-29 19:31:08,12203,1369
2024-11-28,2024-11-28 19:31:12,13112,1397
2024-11-27,2024-11-27 19:31:08,13205,1455
2024-11-26,2024-11-26 19:31:08,12976,1493
2024-11-25,2024-11-25 19:31:06,13017,1609
2024-11-24,2024-11-24 19:31:15,13008,1470
2024-11-23,2024-11-23 19:31:05,13004,1289
2024-11-22,2024-11-22 19:31:11,13133,1249
2024-11-21,2024-11-21 19:31:20,13000,1303
2024-11-20,2024-11-20 19:31:04,12823,1380
2024-11-19,2024-11-19 19:31:16,12153,1341
2024-11-18,2024-11-18 19:31:08,13123,1557
2024-11-17,2024-11-17 19:31:04,12483,1338
2024-11-16,2024-11-16 19:31:07,11947,1110
2024-11-15,2024-11-15 19:31:12,7610,561
2024-11-14,2024-11-14 19:31:09,12382,1171
2024-11-13,2024-11-13 19:31:07,12210,1214
2024-11-12,2024-11-12 19:31:03,12824,1359
2024-11-11,2024-11-11 19:31:08,11893,1342
2024-11-10,2024-11-10 19:31:12,12131,1257
2024-11-09,2024-11-09 19:31:12,12652,1178
2024-11-08,2024-11-08 19:31:14,12911,1099
2024-11-07,2024-11-07 19:31:10,12258,1119
2024-11-06,2024-11-06 19:31:12,12845,1233
2024-11-05,2024-11-05 19:31:06,13085,1399
2024-11-04,2024-11-04 19:31:11,13223,1535
2024-11-03,2024-11-03 19:31:17,13696,1487
2024-11-02,2024-11-02 19:31:02,13608,1232
2024-11-01,2024-11-01 19:31:12,12916,1144
2024-10-31,2024-10-31 19:31:27,13797,1271
2024-10-30,2024-10-30 19:31:21,13742,1319
2024-10-29,2024-10-29 19:31:07,13362,1347
2024-10-28,2024-10-28 19:31:04,12571,1369
2024-10-27,2024-10-27 19:31:21,13723,1463
2024-10-26,2024-10-26 19:31:06,13591,1227
2024-10-25,2024-10-25 19:31:07,13127,1194
2024-10-24,2024-10-24 19:31:04,12832,1246
2024-10-23,2024-10-23 19:31:15,13404,1363
2024-10-22,2024-10-22 19:31:23,13231,1396
2024-10-21,2024-10-21 19:31:01,13379,1662
2024-10-20,2024-10-20 19:31:24,12727,1459
2024-10-19,2024-10-19 19:31:11,13683,1341
2024-10-18,2024-10-18 19:31:10,13392,1255
2024-10-17,2024-10-17 19:31:15,13305,1309
2024-10-16,2024-10-16 19:31:18,13747,1410
2024-10-15,2024-10-15 19:31:14,13313,1494
2024-10-14,2024-10-14 19:31:10,13662,1657
2024-10-13,2024-10-13 19:31:14,14042,1646
2024-10-12,2024-10-12 19:31:04,13892,1417
2024-10-11,2024-10-11 19:31:06,13572,1357
2024-10-10,2024-10-10 19:31:22,13460,1427
2024-10-09,2024-10-09 19:31:18,13328,1458
2024-10-08,2024-10-08 19:31:06,13370,1666
2024-10-07,2024-10-07 19:31:05,13296,1555
2024-10-06,2024-10-06 19:31:27,13587,1559
2024-10-05,2024-10-05 19:31:06,13887,1333
2024-10-04,2024-10-04 19:31:07,13670,1257
2024-10-03,2024-10-03 19:31:06,13624,1331
2024-10-02,2024-10-02 19:31:05,13967,1504
2024-10-01,2024-10-01 19:31:05,13867,1581
2024-09-30,2024-09-30 19:31:28,13678,1685
2024-09-29,2024-09-29 19:31:09,13860,1621
2024-09-28,2024-09-28 19:31:14,13942,1411
2024-09-27,2024-09-27 19:31:18,13808,1388
2024-09-26,2024-09-26 19:31:03,13728,1418
2024-09-25,2024-09-25 19:31:09,13781,2085
2024-09-24,2024-09-24 19:31:17,13849,2080
2024-09-23,2024-09-23 19:31:11,13842,2053
2024-09-22,2024-09-22 19:31:01,14143,2011
2024-09-21,2024-09-21 19:31:31,13966,1764
2024-09-20,2024-09-20 19:31:06,13976,1642
2024-09-19,2024-09-19 19:31:22,13887,1689
2024-09-18,2024-09-18 19:31:07,13967,1767
2024-09-17,2024-09-17 19:02:39,14486,1932
2024-09-16,2024-09-16 19:02:42,14782,1936
2024-09-15,2024-09-15 19:02:57,15112,1973
2024-09-14,2024-09-14 19:02:34,15210,1789
2024-09-13,2024-09-13 19:03:00,15030,1736
2024-09-12,2024-09-12 19:02:45,14924,1801
2024-09-11,2024-09-11 19:02:50,14897,1890
2024-09-10,2024-09-10 19:02:38,15017,1959
2024-09-09,2024-09-09 19:02:39,14806,2128
2024-09-08,2024-09-08 19:02:45,15023,2167
2024-09-07,2024-09-07 19:02:41,14895,1894
2024-09-06,2024-09-06 19:03:20,14895,1985
2024-09-05,2024-09-05 19:02:41,14945,2151
2024-09-04,2024-09-04 19:02:47,14827,2214
2024-09-03,2024-09-03 19:02:52,14914,2479
2024-09-02,2024-09-02 19:03:39,14922,2550
2024-09-01,2024-09-01 19:02:34,14889,2432
2024-08-31,2024-08-31 19:02:36,14944,2165
2024-08-30,2024-08-30 19:02:39,14985,2296
2024-08-29,2024-08-29 19:02:39,14962,2653
2024-08-28,2024-08-28 19:03:12,14999,3140
2024-08-27,2024-08-27 19:02:45,14799,3280
2024-08-26,2024-08-26 19:02:56,14947,3294
2024-08-25,2024-08-25 19:03:11,13708,3001
2024-08-24,2024-08-24 19:02:53,13954,2778
2024-08-23,2024-08-23 19:02:42,13782,2620
2024-08-22,2024-08-22 19:02:57,13601,2542
2024-08-21,2024-08-21 19:02:37,12646,2389
2024-08-20,2024-08-20 19:02:40,13791,2525
2024-08-19,2024-08-19 19:02:54,13618,2529
2024-08-18,2024-08-18 19:02:49,14438,2506
2024-08-17,2024-08-17 19:02:35,14378,2145
2024-08-16,2024-08-16 19:02:49,14247,2017
2024-08-15,2024-08-15 19:02:37,13988,1945
2024-08-14,2024-08-14 19:02:41,14282,2008
2024-08-13,2024-08-13 19:03:19,13887,1991
2024-08-12,2024-08-12 19:02:36,13981,2120
2024-08-11,2024-08-11 19:02:39,14289,1952
2024-08-10,2024-08-10 19:02:37,14274,1656
2024-08-09,2024-08-09 19:02:46,14278,1683
2024-08-08,2024-08-08 19:02:42,13952,1713
2024-08-07,2024-08-07 19:02:47,14181,1788
2024-08-06,2024-08-06 19:02:37,13977,1918
2024-08-05,2024-08-05 19:03:15,13980,1939
2024-08-04,2024-08-04 19:02:48,14279,1845
2024-08-03,2024-08-03 19:02:36,14379,1647
2024-08-02,2024-08-02 19:02:34,14273,1647
2024-08-01,2024-08-01 19:02:35,14256,1762
2024-07-31,2024-07-31 19:02:39,14051,1814
2024-07-30,2024-07-30 19:03:30,14451,1952
2024-07-29,2024-07-29 19:02:48,14372,2024
2024-07-28,2024-07-28 19:02:51,14482,1939
2024-07-27,2024-07-27 19:02:36,14656,1679
2024-07-26,2024-07-26 19:03:18,14552,1641
2024-07-25,2024-07-25 19:02:42,14396,1779
2024-07-24,2024-07-24 19:02:40,14106,1774
2024-07-23,2024-07-23 19:02:34,14146,1877
2024-07-22,2024-07-22 19:02:35,14485,2018
2024-07-21,2024-07-21 19:02:54,14463,1946
2024-07-20,2024-07-20 19:02:56,14654,1713
2024-07-19,2024-07-19 19:03:06,14254,1711
2024-07-18,2024-07-18 19:02:34,14375,1728
2024-07-17,2024-07-17 19:02:29,13976,1705
2024-07-16,2024-07-16 19:02:41,14260,1874
2024-07-15,2024-07-15 19:02:34,13809,1910
2024-07-14,2024-07-14 19:02:45,14465,1897
2024-07-13,2024-07-13 19:03:00,14456,1594
2024-07-12,2024-07-12 19:03:18,14725,1617
2024-07-11,2024-07-11 19:02:54,13994,1632
2024-07-10,2024-07-10 19:03:17,13986,1664
2024-07-09,2024-07-09 19:02:34,14338,1790
2024-07-08,2024-07-08 19:02:54,14264,1870
2024-07-07,2024-07-07 19:02:49,14490,1866
2024-07-06,2024-07-06 19:02:29,14472,1633
2024-07-05,2024-07-05 19:02:50,14242,1594
2024-07-04,2024-07-04 19:02:41,14478,1654
2024-07-03,2024-07-03 19:02:49,14257,1732
2024-07-02,2024-07-02 19:02:47,14082,1818
2024-07-01,2024-07-01 19:02:38,14451,1927
2024-06-30,2024-06-30 19:02:38,14460,1791
2024-06-29,2024-06-29 19:02:33,14477,1575
2024-06-28,2024-06-28 19:03:06,13897,1497
2024-06-27,2024-06-27 19:03:16,13823,1593
2024-06-26,2024-06-26 19:02:31,13912,1678
2024-06-25,2024-06-25 19:02:47,16545,2054
2024-06-24,2024-06-24 19:02:55,16572,2088
2024-06-23,2024-06-23 19:02:31,16577,2092
2024-06-22,2024-06-22 19:03:17,16570,1753
2024-06-21,2024-06-21 19:02:42,15374,1566
2024-06-20,2024-06-20 19:03:13,16556,1751
2024-06-19,2024-06-19 19:03:36,16530,1878
2024-06-18,2024-06-18 19:02:48,16016,1893
2024-06-17,2024-06-17 19:02:36,16503,2056
2024-06-16,2024-06-16 19:03:21,16562,1924
2024-06-15,2024-06-15 19:02:39,16559,1612
2024-06-14,2024-06-14 19:02:35,15336,1376
2024-06-13,2024-06-13 19:02:51,16586,1617
2024-06-12,2024-06-12 19:02:53,16584,1547
2024-06-11,2024-06-11 19:02:47,16584,1626
2024-06-10,2024-06-10 19:02:37,16577,1786
2024-06-09,2024-06-09 19:02:47,15208,1690
2024-06-08,2024-06-08 19:03:36,16553,1541
2024-06-07,2024-06-07 19:02:36,16578,1458
2024-06-06,2024-06-06 19:03:07,16533,1512
2024-06-05,2024-06-05 19:02:58,15665,1532
2024-06-04,2024-06-04 19:02:45,16562,1750
2024-06-03,2024-06-03 19:03:27,16573,1850
2024-06-02,2024-06-02 19:03:00,15483,1765
2024-06-01,2024-06-01 19:03:23,16559,1584
2024-05-31,2024-05-31 19:03:27,16578,1538
2024-05-30,2024-05-30 19:02:41,16568,1642
2024-05-29,2024-05-29 19:02:42,15209,1542
2024-05-28,2024-05-28 19:03:28,16577,1905
2024-05-27,2024-05-27 19:02:44,16580,1891
2024-05-26,2024-05-26 19:02:35,16577,1852
2024-05-25,2024-05-25 19:02:50,16568,1526
2024-05-24,2024-05-24 19:02:40,14966,1412
2024-05-23,2024-05-23 19:03:13,16580,1667
2024-05-22,2024-05-22 19:02:32,15551,1574
2024-05-21,2024-05-21 19:03:25,15651,1669
2024-05-20,2024-05-20 19:02:37,15682,1806
2024-05-19,2024-05-19 19:02:31,15835,1728
2024-05-18,2024-05-18 19:02:31,15654,1481
2024-05-17,2024-05-17 19:02:35,15671,1461
2024-05-16,2024-05-16 19:02:41,15689,1531
2024-05-15,2024-05-15 19:02:46,15600,1615
2024-05-14,2024-05-14 19:02:34,15808,1721
2024-05-13,2024-05-13 19:02:34,15615,1773
2024-05-12,2024-05-12 19:02:28,15640,1787
2024-05-11,2024-05-11 19:02:39,15697,1468
2024-05-10,2024-05-10 19:02:35,15590,1505
2024-05-09,2024-05-09 19:02:35,15583,1562
2024-05-08,2024-05-08 19:02:35,15697,1632
2024-05-07,2024-05-07 19:02:34,15825,1720
2024-05-06,2024-05-06 19:02:36,14401,1698
2024-05-05,2024-05-05 19:03:05,13934,1622
2024-05-04,2024-05-04 19:03:33,13855,1387
2024-05-03,2024-05-03 19:02:47,13725,1349
2024-05-02,2024-05-02 19:02:38,15145,1562
2024-05-01,2024-05-01 19:02:53,15661,1586
2024-04-30,2024-04-30 19:02:36,15539,1691
2024-04-29,2024-04-29 19:02:54,12882,1470
2024-04-28,2024-04-28 19:02:38,15532,1726
2024-04-27,2024-04-27 19:02:50,15077,1472
2024-04-26,2024-04-26 19:02:47,14887,1364
2024-04-25,2024-04-25 19:02:54,15483,1513
2024-04-24,2024-04-24 19:02:37,15633,1578
2024-04-23,2024-04-23 19:02:32,15519,1675
2024-04-22,2024-04-22 19:02:28,14860,1701
2024-04-21,2024-04-21 19:02:41,15264,1692
2024-04-20,2024-04-20 19:02:47,15867,1461
2024-04-19,2024-04-19 19:03:15,15620,1489
2024-04-18,2024-04-18 19:02:53,14803,1416
2024-04-17,2024-04-17 19:02:39,15457,1560
2024-04-16,2024-04-16 19:02:30,15847,1740
2024-04-15,2024-04-15 19:02:48,15240,1773
2024-04-13,2024-04-13 19:02:22,1436,82
2024-04-12,2024-04-12 19:03:19,13070,1255
2024-04-11,2024-04-11 19:02:44,13051,1363
2024-04-10,2024-04-10 19:03:24,12629,1473
2024-04-09,2024-04-09 19:03:09,13728,1579
2024-04-08,2024-04-08 19:03:17,14133,1669
2024-04-07,2024-04-07 19:02:27,14884,1703
2024-04-06,2024-04-06 19:02:56,15587,1463
2024-04-05,2024-04-05 19:02:56,2675,126
2024-04-04,2024-04-04 19:03:21,13888,1463
2024-04-03,2024-04-03 19:02:40,13688,1465
2024-04-02,2024-04-02 19:02:34,13968,1609
2024-04-01,2024-04-01 19:02:54,13584,1675
2024-03-31,2024-03-31 19:02:26,15503,1734
2024-03-30,2024-03-30 19:02:38,15864,1507
2024-03-29,2024-03-29 19:02:33,15391,1420
2024-03-28,2024-03-28 19:02:23,14442,1515
2024-03-27,2024-03-27 19:02:39,15070,1608
2024-03-26,2024-03-26 19:03:04,15553,1615
2024-03-25,2024-03-25 19:03:10,15343,1892
2024-03-24,2024-03-24 19:03:31,15034,1675
2024-03-23,2024-03-23 19:02:34,15519,1475
2024-03-22,2024-03-22 19:02:34,15544,1399
2024-03-21,2024-03-21 19:02:52,15224,1587
2024-03-20,2024-03-20 19:02:39,15095,1681
2024-03-19,2024-03-19 19:02:52,15835,1789
2024-03-18,2024-03-18 19:02:53,15680,1982
2024-03-17,2024-03-17 19:02:38,15113,1757
2024-03-16,2024-03-16 19:02:26,15554,1461
2024-03-15,2024-03-15 19:02:40,15496,1404
2024-03-14,2024-03-14 19:02:39,13815,1488
2024-03-13,2024-03-13 19:02:45,13956,1609
2024-03-12,2024-03-12 19:02:27,14514,1702
2024-03-11,2024-03-11 19:02:41,15892,1996
2024-03-10,2024-03-10 19:02:29,15302,1889
2024-03-09,2024-03-09 19:02:28,15881,1570
2024-03-08,2024-03-08 19:02:32,15298,1534
2024-03-07,2024-03-07 19:02:43,15856,1737
2024-03-06,2024-03-06 19:02:28,15684,1781
2024-03-05,2024-03-05 19:02:31,15405,2027
2024-03-04,2024-03-04 19:02:28,7160,834
2024-03-03,2024-03-03 19:02:27,12349,1644
2024-03-02,2024-03-02 19:02:37,12251,1382
2024-03-01,2024-03-01 19:05:28,3978,219
2024-02-29,2024-02-29 19:02:43,14390,1647
2024-02-28,2024-02-28 19:02:40,15079,1749
2024-02-27,2024-02-27 19:02:29,15886,1965
2024-02-26,2024-02-26 19:02:36,15443,2073
2024-02-25,2024-02-25 19:02:40,15700,1870
2024-02-24,2024-02-24 19:02:41,15105,1509
2024-02-23,2024-02-23 19:03:48,15941,1611
2024-02-22,2024-02-22 19:02:32,15913,1715
2024-02-21,2024-02-21 19:02:28,15923,1822
2024-02-20,2024-02-20 19:02:34,15908,1908
2024-02-19,2024-02-19 19:02:43,15851,2004
2024-02-18,2024-02-18 19:02:25,15880,1816
2024-02-17,2024-02-17 19:02:24,15466,1511
2024-02-16,2024-02-16 19:03:26,3974,241
2024-02-15,2024-02-15 19:02:52,14064,1587
2024-02-14,2024-02-14 19:02:46,14052,1623
2024-02-13,2024-02-13 19:02:33,14061,1733
2024-02-12,2024-02-12 19:02:47,14057,1819
2024-02-11,2024-02-11 19:02:29,13989,1741
2024-02-10,2024-02-10 19:02:28,14561,1521
2024-02-09,2024-02-09 19:02:31,15838,1620
2024-02-08,2024-02-08 19:03:09,13327,1620
2024-02-07,2024-02-07 19:02:45,13232,1637
2024-02-06,2024-02-06 19:02:34,13230,1733
2024-02-05,2024-02-05 19:02:47,13294,1800
2024-02-04,2024-02-04 19:02:39,13304,1708
2024-02-03,2024-02-03 19:02:26,13367,1557
2024-02-02,2024-02-02 19:03:16,13254,1544
2024-02-01,2024-02-01 19:02:44,11486,1447
2024-01-31,2024-01-31 19:03:22,13259,1744
2024-01-30,2024-01-30 19:02:55,13296,1873
2024-01-29,2024-01-29 19:02:44,1436,140
2024-01-28,2024-01-28 19:02:26,11097,1602
2024-01-27,2024-01-27 19:02:43,1436,140
2024-01-26,2024-01-26 19:02:27,1436,140
2024-01-25,2024-01-25 19:02:33,1436,140
2024-01-24,2024-01-24 19:02:37,1436,140
2024-01-23,2024-01-23 19:02:33,1436,140
2024-01-22,2024-01-22 19:02:36,15497,1984
2024-01-21,2024-01-21 19:02:45,15528,1870
2024-01-20,2024-01-20 19:02:38,15311,1707
2024-01-19,2024-01-19 19:02:35,15760,1728
2024-01-18,2024-01-18 19:02:30,1436,98
2024-01-17,2024-01-17 19:02:50,1436,98
2024-01-16,2024-01-16 19:02:33,9268,1313
2024-01-15,2024-01-15 19:02:35,14132,1986
2024-01-14,2024-01-14 19:02:31,14134,1842
2024-01-13,2024-01-13 19:02:36,15420,1783
2024-01-12,2024-01-12 19:02:35,15420,1777
2024-01-11,2024-01-11 19:02:37,13808,1775
2024-01-10,2024-01-10 19:02:35,1436,98
2024-01-09,2024-01-09 19:02:34,10677,1445
2024-01-08,2024-01-08 19:02:40,13841,1934
2024-01-07,2024-01-07 19:02:35,13926,1893
2024-01-06,2024-01-06 19:02:27,13925,1706
2024-01-05,2024-01-05 19:02:34,13901,1775
2024-01-04,2024-01-04 19:02:30,14007,1881
2024-01-03,2024-01-03 19:02:33,14023,2025
2024-01-02,2024-01-02 19:02:31,13670,2164
2024-01-01,2024-01-01 19:02:35,13891,2169
2023-12-31,2023-12-31 19:02:29,1436,98
2023-12-30,2023-12-30 19:02:25,13882,1781
2023-12-29,2023-12-29 19:02:39,15045,1954
2023-12-28,2023-12-28 19:02:32,16303,2125
2023-12-27,2023-12-27 19:02:40,3818,436
2023-12-26,2023-12-26 19:02:40,16397,2620
2023-12-25,2023-12-25 19:03:22,13679,2061
2023-12-24,2023-12-24 19:02:36,1436,82
2023-12-23,2023-12-23 19:02:27,1436,82
2023-12-22,2023-12-22 19:02:29,1436,82
2023-12-21,2023-12-21 19:02:29,1436,82
2023-12-20,2023-12-20 19:02:28,1436,82
2023-12-19,2023-12-19 19:02:31,1436,82
2023-12-18,2023-12-18 19:02:34,1436,82
2023-12-17,2023-12-17 19:02:30,1436,82
2023-12-16,2023-12-16 19:02:34,1436,82
2023-12-15,2023-12-15 19:02:42,1436,82
2023-12-14,2023-12-14 19:02:38,1436,82
2023-12-13,2023-12-13 19:02:48,1436,82
2023-12-12,2023-12-12 19:02:38,1436,82
2023-12-11,2023-12-11 19:02:43,1436,82
2023-12-10,2023-12-10 19:02:28,1436,82
2023-12-09,2023-12-09 19:02:29,6029,531
2023-12-08,2023-12-08 19:02:39,6008,530
2023-12-07,2023-12-07 19:02:37,8230,890
2023-12-06,2023-12-06 19:02:42,10758,1267
2023-12-05,2023-12-05 19:02:46,10803,1390
2023-12-04,2023-12-04 19:02:44,10556,1410
2023-12-03,2023-12-03 19:02:40,8445,1036
2023-12-02,2023-12-02 19:02:35,11532,1334
2023-12-01,2023-12-01 19:02:32,11601,1243
2023-11-30,2023-11-30 19:02:36,12641,1423
2023-11-29,2023-11-29 19:02:44,12093,1429
2023-11-28,2023-11-28 19:02:41,12320,1560
2023-11-27,2023-11-27 19:02:35,11495,1619
2023-11-26,2023-11-26 19:02:37,10585,1436
2023-11-25,2023-11-25 19:02:26,10862,1300
2023-11-24,2023-11-24 19:02:36,11060,1283
2023-11-23,2023-11-23 19:02:46,7659,820
2023-11-22,2023-11-22 19:02:46,12026,1383
2023-11-21,2023-11-21 19:02:46,11700,1474
2023-11-20,2023-11-20 19:02:55,11596,1603
2023-11-19,2023-11-19 19:02:29,10514,1337
2023-11-18,2023-11-18 19:02:42,10439,1142
2023-11-17,2023-11-17 19:02:41,12108,1261
2023-11-16,2023-11-16 19:02:33,11636,1261
2023-11-15,2023-11-15 19:02:34,11882,1388
2023-11-14,2023-11-14 19:02:27,10780,1364
2023-11-13,2023-11-13 19:02:48,10628,1478
2023-11-12,2023-11-12 19:02:29,10679,1326
2023-11-11,2023-11-11 19:02:29,11098,1280
2023-11-10,2023-11-10 19:02:39,12016,1314
2023-11-09,2023-11-09 19:02:39,8955,981
2023-11-08,2023-11-08 19:02:37,9835,1098
2023-11-07,2023-11-07 19:02:34,10300,1191
2023-11-06,2023-11-06 19:02:35,9640,1252
2023-11-05,2023-11-05 19:02:35,10212,1275
2023-11-04,2023-11-04 19:02:29,11629,1222
2023-11-02,2023-11-02 19:02:38,10922,1234
2023-11-01,2023-11-01 19:02:34,11195,1253
2023-10-31,2023-10-31 19:02:32,11594,1342
2023-10-30,2023-10-30 19:02:47,12264,1493
2023-10-29,2023-10-29 19:02:47,11563,1434
2023-10-28,2023-10-28 19:02:26,12046,1317
2023-10-27,2023-10-27 19:02:31,11803,1178
2023-10-26,2023-10-26 19:02:40,11981,1313
2023-10-25,2023-10-25 19:02:37,12264,1372
2023-10-24,2023-10-24 19:02:38,11498,1319
2023-10-23,2023-10-23 19:02:40,11656,1589
2023-10-22,2023-10-22 19:02:54,11065,1453
2023-10-21,2023-10-21 19:02:27,11641,1391
2023-10-20,2023-10-20 19:02:38,11887,1272
2023-10-19,2023-10-19 19:02:45,12147,1330
2023-10-18,2023-10-18 19:02:51,11238,1192
2023-10-17,2023-10-17 19:02:36,11607,1389
2023-10-16,2023-10-16 19:02:48,10648,1260
2023-10-15,2023-10-15 19:02:34,11764,1415
2023-10-14,2023-10-14 19:02:29,11475,1216
2023-10-13,2023-10-13 19:02:45,11765,1181
2023-10-12,2023-10-12 19:02:44,12404,1298
2023-10-11,2023-10-11 19:02:44,12251,1343
2023-10-10,2023-10-10 19:02:32,11841,1371
2023-10-09,2023-10-09 19:02:41,10135,1270
2023-10-08,2023-10-08 19:02:28,11327,1339
2023-10-07,2023-10-07 19:02:33,11923,1240
2023-10-06,2023-10-06 19:02:40,12825,1353
2023-10-05,2023-10-05 19:02:43,10078,998
2023-09-19,2023-09-19 19:02:44,11246,1325
2023-09-18,2023-09-18 19:02:47,14328,1893
2023-09-17,2023-09-17 19:02:42,10116,1204
2023-09-16,2023-09-16 19:02:37,10464,1102
2023-09-15,2023-09-15 19:02:42,11839,1215
2023-09-14,2023-09-14 19:02:26,9302,989
2023-09-13,2023-09-13 19:02:34,9688,1075
2023-09-12,2023-09-12 19:02:36,11307,1378
2023-09-11,2023-09-11 19:02:34,10728,1338
2023-09-10,2023-09-10 19:02:30,9581,1295
2023-09-09,2023-09-09 19:02:32,10891,1187
2023-09-08,2023-09-08 19:02:40,11694,1222
2023-09-07,2023-09-07 19:02:46,9680,1093
2023-09-06,2023-09-06 19:02:41,10146,1175
2023-09-05,2023-09-05 19:02:50,10655,1315
2023-09-04,2023-09-04 19:02:46,9171,1296
2023-09-03,2023-09-03 19:02:28,10409,1288
2023-09-02,2023-09-02 19:02:26,9742,1042
2023-09-01,2023-09-01 19:02:43,10150,1051
2023-08-31,2023-08-31 19:02:40,10546,1113
2023-08-30,2023-08-30 19:02:53,10001,1027
2023-08-29,2023-08-29 19:02:32,9387,1108
2023-08-28,2023-08-28 19:02:39,10564,1281
2023-08-27,2023-08-27 19:02:35,9841,1171
2023-08-26,2023-08-26 19:02:40,11076,1154
2023-08-25,2023-08-25 19:02:47,10985,1120
2023-08-24,2023-08-24 19:02:40,9399,986
2023-08-23,2023-08-23 19:02:55,11051,1167
2023-08-22,2023-08-22 19:02:31,9703,1165
2023-08-21,2023-08-21 19:02:30,10021,1208
2023-08-20,2023-08-20 19:02:42,8838,1103
2023-08-19,2023-08-19 19:02:29,10440,1035
2023-08-18,2023-08-18 19:02:41,11467,1055
2023-08-17,2023-08-17 19:02:36,9235,905
2023-08-16,2023-08-16 19:02:29,10385,1137
2023-08-15,2023-08-15 19:02:33,10125,1160
2023-08-14,2023-08-14 19:02:40,11325,1333
2023-08-13,2023-08-13 19:02:35,9972,1035
2023-08-12,2023-08-12 19:02:30,9485,941
2023-08-11,2023-08-11 19:02:38,11111,1097
2023-08-10,2023-08-10 19:02:58,8909,793
2023-08-09,2023-08-09 19:03:06,7344,625
2023-08-08,2023-08-08 19:02:30,9663,1086
2023-08-07,2023-08-07 19:02:46,11337,1345
2023-08-06,2023-08-06 19:02:41,9455,1080
2023-08-05,2023-08-05 19:02:33,9748,927
2023-08-04,2023-08-04 19:02:53,11077,1103
2023-08-03,2023-08-03 19:02:37,10800,1098
2023-08-02,2023-08-02 19:02:47,11676,1179
2023-08-01,2023-08-01 19:02:33,11420,1236
2023-07-31,2023-07-31 19:02:58,10733,1381
2023-07-30,2023-07-30 19:02:55,10863,1334
2023-07-29,2023-07-29 19:02:46,10702,1071
2023-07-28,2023-07-28 19:02:44,11934,1119
2023-07-27,2023-07-27 19:02:48,11581,1186
2023-07-26,2023-07-26 19:02:51,9746,979
2023-07-25,2023-07-25 19:02:30,9401,1031
2023-07-24,2023-07-24 19:02:43,9846,1262
2023-07-23,2023-07-23 19:02:43,10008,1225
2023-07-22,2023-07-22 19:02:42,10609,1069
2023-07-21,2023-07-21 19:02:50,11390,1101
2023-07-13,2023-07-13 19:02:36,13086,1577
2023-07-12,2023-07-12 19:03:08,8865,1074
2023-07-11,2023-07-11 19:03:01,11376,1490
2023-07-10,2023-07-10 19:02:45,9465,1535
2023-07-09,2023-07-09 19:02:37,9518,1332
2023-07-08,2023-07-08 19:02:46,8232,980
2023-07-07,2023-07-07 19:02:56,10934,1333
2023-07-06,2023-07-06 19:03:00,9573,1073
2023-07-05,2023-07-05 19:02:55,9050,1179
2023-07-04,2023-07-04 19:02:47,9108,1278
2023-07-03,2023-07-03 19:02:55,10726,1748
2023-07-02,2023-07-02 19:02:54,10595,1514
2023-07-01,2023-07-01 19:02:44,11033,1206
2023-06-30,2023-06-30 19:02:48,12106,1311
2023-06-29,2023-06-29 19:03:01,11308,1171
2023-06-28,2023-06-28 19:03:10,9927,1151
2023-06-27,2023-06-27 19:02:44,10579,1286
2023-06-26,2023-06-26 19:03:02,11058,1472
2023-06-25,2023-06-25 19:02:51,11321,1512
2023-06-24,2023-06-24 19:02:46,11707,1177
2023-06-23,2023-06-23 19:03:02,12562,1224
2023-06-22,2023-06-22 19:03:15,11571,1177
2023-06-21,2023-06-21 19:02:37,11404,1177
2023-06-20,2023-06-20 19:02:44,10084,1169
2023-06-19,2023-06-19 19:02:31,11379,1335
2023-06-18,2023-06-18 19:02:48,9317,1106
2023-06-17,2023-06-17 19:02:49,10661,1047
2023-06-16,2023-06-16 19:02:34,6797,572
2023-06-15,2023-06-15 19:02:35,7419,667
2023-06-14,2023-06-14 19:02:50,3988,290
2023-06-13,2023-06-13 19:02:39,3989,339
2023-06-12,2023-06-12 19:02:34,3989,377
2023-06-11,2023-06-11 19:02:52,3989,427
2023-06-10,2023-06-10 19:02:27,3991,320
2023-06-09,2023-06-09 19:02:35,3988,281
2023-06-08,2023-06-08 19:02:35,3990,288
2023-06-07,2023-06-07 19:02:46,3989,292
2023-06-06,2023-06-06 19:02:50,3988,295
2023-06-05,2023-06-05 19:02:37,3988,333
2023-06-04,2023-06-04 19:02:56,3989,358
2023-06-03,2023-06-03 19:02:43,3989,299
2023-06-02,2023-06-02 19:02:46,3988,257
2023-06-01,2023-06-01 19:02:32,3988,290
2023-05-31,2023-05-31 19:02:35,16692,1881
2023-05-30,2023-05-30 19:02:34,16694,1983
2023-05-29,2023-05-29 19:02:41,16695,2061
2023-05-28,2023-05-28 19:02:37,16695,1984
2023-05-27,2023-05-27 19:02:33,16693,1681
2023-05-26,2023-05-26 19:02:31,16695,1668
2023-05-25,2023-05-25 19:02:31,16695,1785
2023-05-24,2023-05-24 19:02:49,16692,1866
2023-05-23,2023-05-23 19:02:50,15666,1876
2023-05-22,2023-05-22 19:02:47,14367,1778
2023-05-21,2023-05-21 19:02:42,16636,2105
2023-05-20,2023-05-20 19:02:37,16690,1774
2023-05-19,2023-05-19 19:02:31,16690,1606
2023-05-18,2023-05-18 19:02:42,16688,1733
2023-05-17,2023-05-17 19:02:35,14222,1580
2023-05-16,2023-05-16 19:02:46,15122,1775
2023-05-15,2023-05-15 19:02:31,16475,2066
2023-05-14,2023-05-14 19:02:40,16691,2041
2023-05-13,2023-05-13 19:02:29,16692,1789
2023-05-12,2023-05-12 19:02:48,15542,1509
2023-05-11,2023-05-11 19:02:32,12290,1244
2023-05-10,2023-05-10 19:02:53,16586,1731
2023-05-09,2023-05-09 19:02:51,14837,1607
2023-05-08,2023-05-08 19:02:38,13353,1560
2023-05-07,2023-05-07 19:02:50,17002,2120
2023-05-06,2023-05-06 19:02:25,17133,1755
2023-05-05,2023-05-05 19:02:46,16831,1640
2023-05-04,2023-05-04 19:02:53,15408,1511
2023-05-03,2023-05-03 19:02:44,14511,1573
2023-05-02,2023-05-02 19:02:45,12741,1385
2023-05-01,2023-05-01 19:02:34,12895,1515
2023-04-30,2023-04-30 19:02:31,15804,1951
2023-04-29,2023-04-29 19:02:42,16948,1809
2023-04-28,2023-04-28 19:02:36,16937,1716
2023-04-27,2023-04-27 19:02:43,16887,1792
2023-04-26,2023-04-26 19:02:51,16208,1823
2023-04-25,2023-04-25 19:02:32,15270,1636
2023-04-24,2023-04-24 19:02:55,16844,2077
2023-04-23,2023-04-23 19:02:32,17131,2030
2023-04-22,2023-04-22 19:02:41,17139,1772
2023-04-21,2023-04-21 19:02:52,16789,1707
2023-04-20,2023-04-20 19:02:44,16554,1725
2023-04-19,2023-04-19 19:03:07,16848,1800
2023-04-18,2023-04-18 19:02:50,16793,1986
2023-04-17,2023-04-17 19:02:40,15923,1931
2023-04-16,2023-04-16 19:02:45,16942,2009
2023-04-15,2023-04-15 19:02:40,14629,1371
2023-04-14,2023-04-14 19:02:39,16688,1682
2023-04-13,2023-04-13 19:02:54,16795,1695
2023-04-12,2023-04-12 19:02:37,12585,1272
2023-04-11,2023-04-11 19:02:49,17041,1871
2023-04-10,2023-04-10 19:02:57,12769,1494
2023-04-09,2023-04-09 19:02:36,17143,1955
2023-04-08,2023-04-08 19:02:48,17138,1736
2023-04-07,2023-04-07 19:02:32,17047,1689
2023-04-06,2023-04-06 19:02:46,17106,1820
2023-04-05,2023-04-05 19:03:01,16963,1841
2023-04-04,2023-04-04 19:02:48,17039,2101
2023-04-03,2023-04-03 19:02:51,16870,2253
2023-04-02,2023-04-02 19:02:36,17124,2100
2023-04-01,2023-04-01 19:02:44,17112,1807
2023-03-31,2023-03-31 19:02:39,14867,1443
2023-03-30,2023-03-30 19:02:44,15250,1575
2023-03-29,2023-03-29 19:03:00,14747,1591
2023-03-28,2023-03-28 19:02:40,16846,1930
2023-03-27,2023-03-27 19:02:49,16341,2086
2023-03-26,2023-03-26 19:02:38,17144,2084
2023-03-25,2023-03-25 19:02:39,17116,1748
2023-03-24,2023-03-24 19:02:44,15336,1512
2023-03-23,2023-03-23 19:02:46,13080,1288
2023-03-22,2023-03-22 19:02:55,16516,1755
2023-03-21,2023-03-21 19:02:45,16922,1966
2023-03-20,2023-03-20 19:02:51,15455,2039
2023-03-19,2023-03-19 19:02:34,17044,2130
2023-03-18,2023-03-18 19:02:36,16944,1801
2023-03-17,2023-03-17 19:02:37,15027,1421
2023-03-16,2023-03-16 19:02:50,14868,1584
2023-03-15,2023-03-15 19:02:43,16997,1853
2023-03-14,2023-03-14 19:03:15,17081,1956
2023-03-13,2023-03-13 19:02:45,16768,2130
2023-03-12,2023-03-12 19:02:34,17174,2125
2023-03-11,2023-03-11 19:02:38,17136,1803
2023-03-10,2023-03-10 19:02:40,17045,1765
2023-03-09,2023-03-09 19:02:40,17016,1883
2023-03-08,2023-03-08 19:02:47,17123,2009
2023-03-07,2023-03-07 19:02:40,16768,2090
2023-03-06,2023-03-06 19:02:40,14217,1809
2023-03-05,2023-03-05 19:02:48,17109,2137
2023-03-04,2023-03-04 19:02:34,16951,1824
2023-03-03,2023-03-03 19:02:55,17095,1721
2023-03-02,2023-03-02 19:02:43,17111,1908
2023-03-01,2023-03-01 19:02:40,16846,1940
2023-02-28,2023-02-28 19:02:41,17026,2169
2023-02-27,2023-02-27 19:02:37,17046,2392
2023-02-26,2023-02-26 19:02:38,17056,2272
2023-02-25,2023-02-25 19:02:46,16992,1906
2023-02-24,2023-02-24 19:02:47,16966,1823
2023-02-23,2023-02-23 19:02:41,16988,2008
2023-02-22,2023-02-22 19:02:49,17030,1936
2023-02-21,2023-02-21 19:02:42,17114,2043
2023-02-20,2023-02-20 19:02:42,17093,2133
2023-02-19,2023-02-19 19:02:37,17121,2020
2023-02-18,2023-02-18 19:02:33,17094,1717
2023-02-17,2023-02-17 19:02:49,17134,1668
2023-02-16,2023-02-16 19:02:41,17127,1752
2023-02-15,2023-02-15 19:02:45,17213,1792
2023-02-14,2023-02-14 19:02:41,17117,1976
2023-02-13,2023-02-13 19:02:41,17109,2079
2023-02-12,2023-02-12 19:02:45,17107,2048
2023-02-11,2023-02-11 19:02:34,16897,1696
2023-02-10,2023-02-10 19:02:45,16921,1650
2023-02-09,2023-02-09 19:02:43,17132,1834
2023-02-08,2023-02-08 19:02:50,17086,1927
2023-01-15,2023-01-15 19:02:30,17169,2029
2023-01-13,2023-01-13 19:02:50,17198,1830
2023-01-12,2023-01-12 19:02:53,17170,1934
2023-01-11,2023-01-11 19:02:53,17194,1999
2023-01-10,2023-01-10 19:02:41,17216,2189
2023-01-09,2023-01-09 19:02:47,17144,2267
2023-01-08,2023-01-08 19:02:38,17155,2131
2023-01-07,2023-01-07 19:02:32,17224,1898
2023-01-06,2023-01-06 19:02:42,17182,1962
2023-01-05,2023-01-05 19:02:36,17120,2178
2023-01-04,2023-01-04 19:02:49,17139,2294
2023-01-03,2023-01-03 19:02:49,17148,2486
2023-01-02,2023-01-02 19:02:40,17136,2614
2023-01-01,2023-01-01 19:02:34,17224,2461
2022-12-31,2022-12-31 19:02:37,17224,2084
2022-12-30,2022-12-30 19:02:31,17224,2129
2022-12-29,2022-12-29 19:02:38,17214,2222
2022-12-28,2022-12-28 19:02:39,17220,2337
2022-12-27,2022-12-27 19:02:38,17206,2502
2022-12-26,2022-12-26 19:02:39,17220,2546
2022-12-25,2022-12-25 19:03:05,17222,2376
2022-12-24,2022-12-24 19:02:34,17223,2197
2022-12-23,2022-12-23 19:02:46,17220,1902
2022-12-22,2022-12-22 19:02:44,17219,1996
2022-12-21,2022-12-21 19:02:44,17219,2009
2022-12-20,2022-12-20 19:02:49,17222,2127
2022-12-19,2022-12-19 19:02:47,17203,2284
2022-12-18,2022-12-18 19:02:31,17217,2183
2022-12-17,2022-12-17 19:03:04,17218,1980
2022-12-16,2022-12-16 19:02:34,17218,1939
2022-12-15,2022-12-15 19:02:47,17174,2054
2022-12-14,2022-12-14 19:02:43,17215,2171
2022-12-13,2022-12-13 19:03:03,17209,2167
2022-12-12,2022-12-12 19:02:47,17211,2405
2022-12-11,2022-12-11 19:02:42,17195,2258
2022-12-10,2022-12-10 19:02:39,17212,1943
2022-12-09,2022-12-09 19:02:39,17176,1926
2022-12-08,2022-12-08 19:02:44,17192,2084
2022-12-07,2022-12-07 19:02:41,17113,2112
2022-12-06,2022-12-06 19:02:54,17042,2172
2022-12-05,2022-12-05 19:02:43,17187,2378
2022-12-04,2022-12-04 19:02:34,17207,2280
2022-12-03,2022-12-03 19:02:51,17206,1995
2022-12-02,2022-12-02 19:02:56,17207,1885
2022-12-01,2022-12-01 19:02:55,17077,1990
2022-11-30,2022-11-30 19:02:53,17182,2157
2022-11-29,2022-11-29 19:02:42,17195,2230
2022-11-28,2022-11-28 19:02:59,16962,2409
2022-11-27,2022-11-27 19:02:47,17019,2308
2022-11-26,2022-11-26 19:02:43,17041,2000
2022-11-25,2022-11-25 19:02:46,16899,1954
2022-11-24,2022-11-24 19:02:55,17095,1995
2022-11-23,2022-11-23 19:02:39,17070,1997
2022-11-22,2022-11-22 19:02:46,17096,2071
2022-11-21,2022-11-21 19:02:53,17058,2202
2022-11-20,2022-11-20 19:02:40,17133,2047
2022-11-19,2022-11-19 19:02:44,17198,1815
2022-11-18,2022-11-18 19:02:42,17094,1764
2022-11-17,2022-11-17 19:02:46,17131,1831
2022-11-16,2022-11-16 19:03:16,17103,1972
2022-11-15,2022-11-15 19:02:53,17197,2089
2022-11-14,2022-11-14 19:02:49,17200,2191
2022-11-13,2022-11-13 19:02:46,17183,2120
2022-11-12,2022-11-12 19:02:41,17189,1939
2022-11-11,2022-11-11 19:03:04,17196,1936
2022-11-10,2022-11-10 19:02:53,17080,2012
2022-11-09,2022-11-09 19:02:44,17137,2337
2022-11-08,2022-11-08 19:06:57,17175,2421
2022-11-07,2022-11-07 19:02:54,17098,2543
2022-11-06,2022-11-06 19:02:52,16943,2438
2022-11-05,2022-11-05 19:02:54,17139,2063
2022-11-04,2022-11-04 19:02:56,16970,1975
2022-11-03,2022-11-03 19:02:53,17176,2080
2022-11-02,2022-11-02 19:03:03,17157,2171
2022-11-01,2022-11-01 19:03:28,17141,2309
2022-10-31,2022-10-31 19:03:02,17165,2438
2022-10-30,2022-10-30 19:02:47,17191,2431
2022-10-29,2022-10-29 19:02:43,1261,234
2022-10-28,2022-10-28 19:02:42,1260,227
2022-10-27,2022-10-27 19:04:00,1262,221
2022-10-26,2022-10-26 19:02:45,1262,238
2022-10-25,2022-10-25 19:16:54,1262,245
2022-10-24,2022-10-24 19:10:05,1262,249
2022-10-23,2022-10-23 19:05:13,1262,233
2022-10-22,2022-10-22 19:05:02,1263,208
2022-10-21,2022-10-21 19:06:58,2550,396
2022-10-20,2022-10-20 19:10:47,2550,428
2022-10-19,2022-10-19 19:10:18,3946,505
2022-10-18,2022-10-18 19:08:26,3948,567
2022-10-17,2022-10-17 19:13:54,3946,667
2022-10-16,2022-10-16 19:04:40,3947,610
2022-10-15,2022-10-15 19:04:43,3946,549
2022-10-14,2022-10-14 19:05:53,3946,496
2022-10-13,2022-10-13 19:07:23,3946,478
2022-10-12,2022-10-12 19:06:59,3947,549
2022-10-11,2022-10-11 19:05:51,15610,2047
2022-10-10,2022-10-10 19:08:57,16453,2345
2022-10-09,2022-10-09 19:04:26,16026,2197
2022-10-08,2022-10-08 19:04:13,16660,1997
2022-10-07,2022-10-07 19:06:03,16591,1981
2022-10-06,2022-10-06 19:08:21,16594,2046
2022-10-05,2022-10-05 19:09:11,16054,2015
2022-10-04,2022-10-04 19:06:56,16355,2195
2022-10-03,2022-10-03 19:06:19,16471,2268
2022-10-02,2022-10-02 19:04:30,16641,2278
2022-10-01,2022-10-01 19:04:20,16636,1925
2022-09-30,2022-09-30 19:05:52,15524,1735
2022-09-29,2022-09-29 19:06:04,15343,1852
2022-09-28,2022-09-28 19:06:14,9687,1243
2022-09-27,2022-09-27 19:06:37,14809,1872
2022-09-26,2022-09-26 19:05:01,14941,2042
2022-09-25,2022-09-25 19:02:53,12889,1763
2022-09-24,2022-09-24 19:02:52,15205,1825
2022-09-23,2022-09-23 19:05:12,15082,1722
2022-09-22,2022-09-22 19:03:54,14754,1782
2022-09-21,2022-09-21 19:05:38,14400,1622
2022-09-20,2022-09-20 19:04:10,15497,1955
2022-09-19,2022-09-19 19:04:45,16351,2266
2022-09-18,2022-09-18 19:02:50,15935,2056
2022-09-17,2022-09-17 19:02:44,16646,1879
2022-09-16,2022-09-16 19:04:44,16640,1830
2022-09-15,2022-09-15 19:03:07,15840,1779
2022-09-14,2022-09-14 19:03:59,16669,1921
2022-09-13,2022-09-13 19:03:39,16668,2019
2022-09-12,2022-09-12 19:04:05,15369,1948
2022-09-11,2022-09-11 19:02:42,15380,1865
2022-09-10,2022-09-10 19:02:40,15378,1668
2022-09-09,2022-09-09 19:03:35,1376,212
2022-09-08,2022-09-08 19:03:39,15376,1752
2022-09-07,2022-09-07 19:03:06,16662,1978
2022-09-05,2022-09-05 19:02:42,16667,2282
2022-09-04,2022-09-04 19:02:44,16665,2076
2022-09-03,2022-09-03 19:02:51,16672,1887
2022-09-02,2022-09-02 19:02:44,16668,1790
2022-09-01,2022-09-01 19:02:46,16669,1860
2022-08-31,2022-08-31 19:02:41,16666,1907
2022-08-30,2022-08-30 19:02:55,16291,1963
2022-08-29,2022-08-29 19:02:44,16662,2094
2022-08-28,2022-08-28 19:02:39,16670,1969
2022-08-27,2022-08-27 19:02:36,16664,1762
2022-08-26,2022-08-26 19:02:41,16274,1711
2022-08-25,2022-08-25 19:02:43,16554,1843
2022-08-24,2022-08-24 19:03:53,15444,1811
2022-08-23,2022-08-23 19:02:42,16121,1911
2022-08-22,2022-08-22 19:02:44,16515,2074
2022-08-21,2022-08-21 19:02:42,16668,1953
2022-08-20,2022-08-20 19:02:41,16672,1712
2022-08-19,2022-08-19 19:02:52,12475,1243
2022-08-18,2022-08-18 19:02:54,16662,1799
2022-08-17,2022-08-17 19:02:50,16554,1818
2022-08-16,2022-08-16 19:02:41,16654,1899
2022-08-15,2022-08-15 19:02:47,16660,2081
2022-08-14,2022-08-14 19:02:40,16656,1942
2022-08-13,2022-08-13 19:02:40,16662,1685
2022-08-12,2022-08-12 19:02:44,16660,1668
2022-08-11,2022-08-11 19:02:45,16660,1794
2022-08-10,2022-08-10 19:02:47,15841,1716
2022-08-09,2022-08-09 19:02:52,16025,1861
2022-08-08,2022-08-08 19:02:48,16130,2019
2022-08-07,2022-08-07 19:02:41,16671,1905
2022-08-06,2022-08-06 19:02:45,16670,1654
2022-08-05,2022-08-05 19:03:00,16663,1658
2022-08-04,2022-08-04 19:02:37,16678,1802
2022-08-03,2022-08-03 19:02:48,16673,1839
2022-08-02,2022-08-02 19:02:39,16678,2013
2022-08-01,2022-08-01 19:02:48,16674,2051
2022-07-31,2022-07-31 19:02:50,16670,1963
2022-07-30,2022-07-30 19:02:44,16676,1762
2022-07-29,2022-07-29 19:02:55,16668,1729
2022-07-28,2022-07-28 19:02:42,16673,1757
2022-07-27,2022-07-27 19:03:34,16671,1743
2022-07-26,2022-07-26 19:02:44,16670,1931
2022-07-25,2022-07-25 19:03:01,16649,2067
2022-07-24,2022-07-24 19:02:40,16669,1995
2022-07-23,2022-07-23 19:02:39,16669,1706
2022-07-22,2022-07-22 19:02:45,16663,1668
2022-07-21,2022-07-21 19:03:26,16483,1721
2022-07-20,2022-07-20 19:02:46,16666,1859
2022-07-19,2022-07-19 19:02:44,16673,2122
2022-07-18,2022-07-18 19:02:43,16669,2116
2022-07-17,2022-07-17 19:02:46,16672,1950
2022-07-16,2022-07-16 19:02:47,16673,1640
2022-07-15,2022-07-15 19:02:38,16680,1570
2022-07-14,2022-07-14 19:02:40,16674,1640
2022-07-13,2022-07-13 19:02:48,16674,1726
2022-07-12,2022-07-12 19:02:52,16677,1817
2022-07-11,2022-07-11 19:02:47,16672,1969
2022-07-10,2022-07-10 19:02:39,16668,1976
2022-07-09,2022-07-09 19:02:43,16675,1617
2022-07-08,2022-07-08 19:02:52,3952,402
2022-07-07,2022-07-07 19:02:40,16675,1655
2022-07-06,2022-07-06 19:02:41,16672,1705
2022-07-05,2022-07-05 19:02:45,16669,1888
2022-07-04,2022-07-04 19:02:52,16613,1883
2022-07-03,2022-07-03 19:02:42,16669,1816
2022-07-02,2022-07-02 19:02:47,16600,1574
2022-07-01,2022-07-01 19:02:47,14098,1310
2022-06-30,2022-06-30 19:02:40,16670,1599
2022-06-29,2022-06-29 19:03:06,16668,1639
2022-06-28,2022-06-28 19:02:47,16635,1795
2022-06-27,2022-06-27 19:02:54,16669,1941
2022-06-26,2022-06-26 19:02:35,16666,1833
2022-06-25,2022-06-25 19:02:42,16663,1562
2022-06-24,2022-06-24 19:02:41,16666,1534
2022-06-23,2022-06-23 19:02:39,16670,1625
2022-06-22,2022-06-22 19:02:41,16664,1687
2022-06-21,2022-06-21 19:02:37,16497,1829
2022-06-20,2022-06-20 19:02:53,16662,1932
2022-06-19,2022-06-19 19:02:39,16658,1944
2022-06-18,2022-06-18 19:02:46,16618,1729
2022-06-17,2022-06-17 19:02:47,16582,1696
2022-06-16,2022-06-16 19:02:39,16549,1692
2022-06-15,2022-06-15 19:03:01,16704,1733
2022-06-14,2022-06-14 19:02:59,16706,1885
2022-06-13,2022-06-13 19:02:45,16704,1955
2022-06-12,2022-06-12 19:02:49,16700,1986
2022-06-11,2022-06-11 19:02:44,16700,1740
2022-06-10,2022-06-10 19:03:03,16701,1610
2022-06-09,2022-06-09 19:02:54,16702,1679
2022-06-08,2022-06-08 19:02:49,16695,1727
2022-06-07,2022-06-07 19:02:56,16698,1845
2022-06-06,2022-06-06 19:03:21,16703,1985
2022-06-05,2022-06-05 19:02:48,16708,1909
2022-06-04,2022-06-04 19:02:35,16700,1596
2022-06-03,2022-06-03 19:02:50,16702,1594
2022-06-02,2022-06-02 19:02:53,16692,1682
2022-06-01,2022-06-01 19:02:44,16705,1785
2022-05-31,2022-05-31 19:02:47,16691,1824
2022-05-30,2022-05-30 19:02:41,16695,1902
2022-05-29,2022-05-29 19:02:44,16698,1762
2022-05-28,2022-05-28 19:02:41,16682,1576
2022-05-27,2022-05-27 19:02:44,16687,1539
2022-05-26,2022-05-26 19:02:42,16692,1560
2022-05-25,2022-05-25 19:02:51,16687,1697
2022-05-24,2022-05-24 19:02:43,16694,1796
2022-05-23,2022-05-23 19:02:42,16683,1984
2022-05-22,2022-05-22 19:02:39,16682,1942
2022-05-21,2022-05-21 19:02:39,16701,1631
2022-05-20,2022-05-20 19:02:44,16673,1532
2022-05-19,2022-05-19 19:03:43,16698,1650
2022-05-18,2022-05-18 19:02:41,16704,1713
2022-05-17,2022-05-17 19:02:42,16680,1846
2022-05-16,2022-05-16 19:02:50,16686,1957
2022-05-15,2022-05-15 19:02:38,16704,2059
2022-05-14,2022-05-14 19:02:42,16689,1723
2022-05-13,2022-05-13 19:02:42,16692,1582
2022-05-12,2022-05-12 19:02:31,16698,1625
2022-05-11,2022-05-11 19:03:07,16690,1731
2022-05-10,2022-05-10 19:02:48,16678,1843
2022-05-09,2022-05-09 19:02:39,16680,1950
2022-05-08,2022-05-08 19:02:40,16697,2016
2022-05-07,2022-05-07 19:02:53,16675,1675
2022-05-06,2022-05-06 19:02:38,16698,1723
2022-05-05,2022-05-05 19:02:43,16683,1749
2022-05-04,2022-05-04 19:02:48,16691,1790
2022-05-03,2022-05-03 19:02:42,16679,1805
2022-05-02,2022-05-02 19:02:49,16650,1983
2022-05-01,2022-05-01 19:02:37,16671,1870
2022-04-30,2022-04-30 19:02:49,16672,1598
2022-04-29,2022-04-29 19:02:40,16663,1499
2022-04-28,2022-04-28 19:03:01,16674,1552
2022-04-27,2022-04-27 19:02:44,16671,1629
2022-04-26,2022-04-26 19:02:44,16674,1786
2022-04-25,2022-04-25 19:02:47,16673,1949
2022-04-24,2022-04-24 19:02:41,16659,1893
2022-04-23,2022-04-23 19:02:47,16658,1577
2022-04-22,2022-04-22 19:02:45,16651,1493
2022-04-21,2022-04-21 19:02:32,16660,1529
2022-04-20,2022-04-20 19:03:02,16645,1620
2022-04-19,2022-04-19 19:02:42,16649,1721
2022-04-18,2022-04-18 19:02:41,16642,1869
2022-04-17,2022-04-17 19:02:44,16671,1719
2022-04-16,2022-04-16 19:02:41,16675,1554
2022-04-15,2022-04-15 19:02:52,16673,1558
2022-04-14,2022-04-14 19:03:00,16657,1624
2022-04-13,2022-04-13 19:02:50,16659,1673
2022-04-12,2022-04-12 19:02:44,16666,1716
2022-04-11,2022-04-11 19:02:45,16689,1935
2022-04-10,2022-04-10 19:02:39,16696,1863
2022-04-09,2022-04-09 19:02:45,16682,1571
2022-04-08,2022-04-08 19:02:49,16655,1542
2022-04-07,2022-04-07 19:02:46,16676,1565
2022-04-06,2022-04-06 19:02:35,16684,1671
2022-04-05,2022-04-05 19:02:45,16692,1727
2022-04-04,2022-04-04 19:02:49,16681,1946
2022-04-03,2022-04-03 19:02:46,16680,1835
2022-04-02,2022-04-02 19:02:44,16677,1565
2022-04-01,2022-04-01 19:02:39,16685,1515
2022-03-31,2022-03-31 19:02:40,16681,1599
2022-03-30,2022-03-30 19:02:42,16663,1675
2022-03-29,2022-03-29 19:02:43,16670,1774
2022-03-28,2022-03-28 19:02:37,16672,1918
2022-03-27,2022-03-27 19:02:38,16682,1887
2022-03-26,2022-03-26 19:02:42,16682,1606
2022-03-25,2022-03-25 19:02:46,16690,1558
2022-03-24,2022-03-24 19:02:42,16693,1619
2022-03-23,2022-03-23 19:02:51,16655,1742
2022-03-22,2022-03-22 19:02:34,16677,1958
2022-03-21,2022-03-21 19:02:49,15282,1900
2022-03-20,2022-03-20 19:02:39,15282,1918
2022-03-19,2022-03-19 19:02:43,15285,1598
2022-03-18,2022-03-18 19:02:45,15285,1570
2022-03-17,2022-03-17 19:02:48,15280,1473
2022-03-16,2022-03-16 19:02:42,15271,1559
2022-03-15,2022-03-15 19:02:57,15281,1681
2022-03-14,2022-03-14 19:02:46,15277,1879
2022-03-13,2022-03-13 19:02:38,15264,1871
2022-03-12,2022-03-12 19:02:42,15276,1502
2022-03-11,2022-03-11 19:02:40,15283,1511
2022-03-10,2022-03-10 19:02:49,15272,1585
2022-03-09,2022-03-09 19:02:51,15270,1622
2022-03-08,2022-03-08 19:02:42,14807,1726
2022-03-07,2022-03-07 19:03:01,16644,2037
2022-03-06,2022-03-06 19:02:43,16682,2011
2022-03-05,2022-03-05 19:03:00,16629,1613
2022-03-04,2022-03-04 19:02:38,16676,1577
2022-03-03,2022-03-03 19:02:55,16683,1686
2022-03-02,2022-03-02 19:03:39,16651,1709
2022-03-01,2022-03-01 19:02:54,16692,1823
2022-02-28,2022-02-28 19:02:49,16685,1960
2022-02-27,2022-02-27 19:02:35,16686,1900
2022-02-26,2022-02-26 19:02:35,16693,1580
2022-02-25,2022-02-25 19:02:39,16686,1575
2022-02-24,2022-02-24 19:02:43,16688,1644
2022-02-23,2022-02-23 19:02:49,16683,1740
2022-02-22,2022-02-22 19:02:36,16664,1764
2022-02-21,2022-02-21 19:02:44,16692,1929
2022-02-20,2022-02-20 19:03:09,16689,1759
2022-02-19,2022-02-19 19:02:32,16687,1511
2022-02-18,2022-02-18 19:02:37,15898,1422
2022-02-17,2022-02-17 19:02:44,16683,1472
2022-02-16,2022-02-16 19:02:59,16655,1538
2022-02-15,2022-02-15 19:02:48,16613,1654
2022-02-14,2022-02-14 19:02:46,16687,1827
2022-02-13,2022-02-13 19:02:41,16686,1731
2022-02-12,2022-02-12 19:02:45,16687,1497
2022-02-11,2022-02-11 19:02:37,16669,1450
2022-02-10,2022-02-10 19:02:38,16684,1519
2022-02-09,2022-02-09 19:02:47,16678,1626
2022-02-08,2022-02-08 19:02:36,16678,1644
2022-02-07,2022-02-07 19:02:30,16426,1746
2022-02-06,2022-02-06 19:02:32,16589,1711
2022-02-05,2022-02-05 19:02:37,16425,1538
2022-02-04,2022-02-04 19:02:42,16679,1541
2022-02-03,2022-02-03 19:02:50,16659,1600
2022-02-02,2022-02-02 19:02:41,16691,1582
2022-02-01,2022-02-01 19:03:02,16697,1771
2022-01-31,2022-01-31 19:02:43,16675,1855
2022-01-30,2022-01-30 19:04:24,16687,1723
2022-01-29,2022-01-29 19:04:13,16687,1522
2022-01-28,2022-01-28 19:02:47,16693,1473
2022-01-27,2022-01-27 19:02:43,16675,1534
2022-01-26,2022-01-26 19:02:50,16666,1627
2022-01-25,2022-01-25 19:02:46,16689,1700
2022-01-24,2022-01-24 19:02:52,16666,1822
2022-01-23,2022-01-23 19:04:16,16677,1803
2022-01-22,2022-01-22 19:02:28,16689,1621
2022-01-21,2022-01-21 19:02:53,16686,1535
2022-01-20,2022-01-20 19:02:34,16693,1616
2022-01-19,2022-01-19 19:02:37,16684,1676
2022-01-18,2022-01-18 19:02:37,16702,1871
2022-01-17,2022-01-17 19:02:39,16678,1927
2022-01-16,2022-01-16 19:02:41,16699,1811
2022-01-15,2022-01-15 19:02:48,16707,1632
2022-01-14,2022-01-14 19:02:49,16701,1544
2022-01-13,2022-01-13 19:02:33,16698,1698
2022-01-12,2022-01-12 19:02:40,16713,1757
2022-01-11,2022-01-11 19:02:42,16683,1865
2022-01-10,2022-01-10 19:02:36,16697,1947
2022-01-09,2022-01-09 19:02:32,16677,1853
2022-01-08,2022-01-08 19:02:38,16709,1588
2022-01-07,2022-01-07 19:02:45,16704,1619
2022-01-06,2022-01-06 19:02:53,16703,1771
2022-01-05,2022-01-05 19:02:39,16707,1857
2022-01-04,2022-01-04 19:02:45,16699,2019
2022-01-03,2022-01-03 19:02:43,16690,2143
2022-01-02,2022-01-02 19:02:35,16692,2010
2022-01-01,2022-01-01 19:02:49,16700,1871
2021-12-31,2021-12-31 19:02:42,16693,1760
2021-12-30,2021-12-30 19:02:35,16710,1788
2021-12-29,2021-12-29 19:02:43,16685,1877
2021-12-28,2021-12-28 19:02:37,16694,1980
2021-12-27,2021-12-27 19:02:36,16686,2109
2021-12-26,2021-12-26 19:02:41,16696,1983
2021-12-25,2021-12-25 19:02:36,16688,1784
2021-12-24,2021-12-24 19:02:33,16671,1598
2021-12-23,2021-12-23 19:02:36,16658,1514
2021-12-22,2021-12-22 19:02:33,9650,964
2021-12-21,2021-12-21 19:02:38,16707,1759
2021-12-20,2021-12-20 19:02:46,16709,1915
2021-12-19,2021-12-19 19:02:48,16694,1729
2021-12-18,2021-12-18 19:02:31,16690,1548
2021-12-17,2021-12-17 19:02:55,16698,1473
2021-12-16,2021-12-16 19:02:33,16700,1612
2021-12-15,2021-12-15 19:02:45,16683,1657
2021-12-14,2021-12-14 19:02:34,16686,1711
2021-12-13,2021-12-13 19:02:55,16692,1802
2021-12-12,2021-12-12 19:02:33,16684,1736
2021-12-11,2021-12-11 19:02:28,16612,1517
2021-12-10,2021-12-10 19:02:34,15868,1414
2021-12-09,2021-12-09 19:02:40,16422,1535
2021-12-08,2021-12-08 19:02:43,16106,1632
2021-12-07,2021-12-07 19:02:34,4086,452
2021-12-06,2021-12-06 19:02:45,16310,1844
2021-12-05,2021-12-05 19:02:48,15704,1655
2021-12-04,2021-12-04 19:02:40,16102,1485
2021-12-03,2021-12-03 19:02:32,16226,1490
2021-12-02,2021-12-02 19:02:50,15929,1542
2021-12-01,2021-12-01 19:02:43,15810,1584
2021-11-30,2021-11-30 19:03:02,16606,1808
2021-11-29,2021-11-29 19:02:36,16321,1876
2021-11-28,2021-11-28 19:02:32,16375,1766
2021-11-27,2021-11-27 19:02:40,16684,1663
2021-11-26,2021-11-26 19:02:47,16623,1590
2021-11-25,2021-11-25 19:02:46,16605,1587
2021-11-24,2021-11-24 19:02:32,16586,1563
2021-11-23,2021-11-23 19:02:30,16664,1721
2021-11-22,2021-11-22 19:02:34,16437,1842
2021-11-21,2021-11-21 19:02:33,16678,1760
2021-11-20,2021-11-20 19:02:37,16668,1501
2021-11-19,2021-11-19 19:02:35,16673,1389
2021-11-18,2021-11-18 19:02:46,16672,1524
2021-11-17,2021-11-17 19:02:40,16660,1512
2021-11-16,2021-11-16 19:02:49,14874,1601
2021-11-15,2021-11-15 19:02:39,16598,1891
2021-11-14,2021-11-14 19:04:06,16704,1893
2021-11-13,2021-11-13 19:02:35,16692,1631
2021-11-12,2021-11-12 19:03:05,16698,1457
2021-11-11,2021-11-11 19:02:36,16688,1473
2021-11-10,2021-11-10 19:02:43,13979,1316
2021-11-09,2021-11-09 19:02:47,16700,1627
2021-11-08,2021-11-08 19:02:41,16601,1651
2021-11-07,2021-11-07 19:02:32,16698,1668
2021-11-06,2021-11-06 19:02:38,16699,1378
2021-11-05,2021-11-05 19:02:47,16692,1221
2021-11-04,2021-11-04 19:02:38,16685,1393
2021-11-03,2021-11-03 19:02:45,16698,1381
2021-11-02,2021-11-02 19:02:34,16686,1550
2021-11-01,2021-11-01 19:02:58,16647,1611
2021-10-31,2021-10-31 19:02:55,16692,1583
2021-10-30,2021-10-30 19:02:49,16687,1393
2021-10-29,2021-10-29 19:02:48,16689,1344
2021-10-28,2021-10-28 19:02:41,16699,1413
2021-10-27,2021-10-27 19:02:34,16696,1450
2021-10-26,2021-10-26 19:02:54,16696,1529
2021-10-25,2021-10-25 19:02:35,16691,1710
2021-10-24,2021-10-24 19:03:20,16684,1602
2021-10-23,2021-10-23 19:03:44,16697,1373
2021-10-22,2021-10-22 19:02:30,16696,1264
2021-10-21,2021-10-21 19:02:35,16712,1359
2021-10-20,2021-10-20 19:02:42,16697,1429
2021-10-19,2021-10-19 19:02:39,16326,1473
2021-10-18,2021-10-18 19:02:34,16703,1690
2021-10-17,2021-10-17 19:03:02,16702,1681
2021-10-16,2021-10-16 19:02:30,16703,1433
2021-10-15,2021-10-15 19:02:39,16718,1353
2021-10-14,2021-10-14 19:02:38,16278,1366
2021-10-13,2021-10-13 19:02:39,16297,1417
2021-10-12,2021-10-12 19:02:34,16713,1577
2021-10-11,2021-10-11 19:02:33,16725,1685
2021-10-10,2021-10-10 19:02:29,16723,1658
2021-10-09,2021-10-09 19:02:54,16727,1428
2021-10-08,2021-10-08 19:02:37,16727,1390
2021-10-07,2021-10-07 19:03:00,16728,1433
2021-10-06,2021-10-06 19:02:38,11519,985
2021-10-05,2021-10-05 19:02:34,16726,1607
2021-10-04,2021-10-04 19:02:35,16732,1682
2021-10-03,2021-10-03 19:03:29,16722,1680
2021-10-02,2021-10-02 19:02:38,16725,1436
2021-10-01,2021-10-01 19:02:38,2523,241
2021-09-30,2021-09-30 19:02:45,16695,1434
2021-09-29,2021-09-29 19:02:36,16705,1538
2021-09-28,2021-09-28 19:02:39,16701,1568
2021-09-27,2021-09-27 19:02:32,16747,1738
2021-09-26,2021-09-26 19:02:34,16744,1752
2021-09-25,2021-09-25 19:03:00,16742,1496
2021-09-24,2021-09-24 19:02:50,16624,1363
2021-09-23,2021-09-23 19:02:38,16736,1464
2021-09-22,2021-09-22 19:02:40,16486,1504
2021-09-21,2021-09-21 19:02:39,16725,1587
2021-09-20,2021-09-20 19:02:41,16703,1730
2021-09-19,2021-09-19 19:02:31,16699,1742
2021-09-18,2021-09-18 19:02:44,16720,1462
2021-09-17,2021-09-17 19:02:52,16714,1356
2021-09-16,2021-09-16 19:02:31,16724,1444
2021-09-15,2021-09-15 19:02:35,16714,1520
2021-09-14,2021-09-14 19:02:43,16747,1561
2021-09-13,2021-09-13 19:02:43,16735,1654
2021-09-12,2021-09-12 19:02:28,16718,1673
2021-09-11,2021-09-11 19:02:28,15440,1276
2021-09-10,2021-09-10 19:02:33,14227,1154
2021-09-09,2021-09-09 19:02:32,14221,1186
2021-09-08,2021-09-08 19:02:39,14231,1282
2021-09-07,2021-09-07 19:02:30,14216,1417
2021-09-06,2021-09-06 19:02:36,14203,1404
2021-09-05,2021-09-05 19:02:33,14177,1321
2021-09-04,2021-09-04 19:03:58,14213,1172
2021-09-03,2021-09-03 19:02:42,14222,1169
2021-09-02,2021-09-02 19:02:33,14217,1213
2021-09-01,2021-09-01 19:02:35,14195,1257
2021-08-31,2021-08-31 19:02:37,14231,1298
2021-08-30,2021-08-30 19:02:49,14219,1376
2021-08-29,2021-08-29 19:02:27,14223,1379
2021-08-28,2021-08-28 19:03:59,14228,1169
2021-08-27,2021-08-27 19:02:41,14233,1090
2021-08-26,2021-08-26 19:02:47,14235,1166
2021-08-25,2021-08-25 19:02:37,14237,1225
2021-08-24,2021-08-24 19:02:52,14223,1302
2021-08-23,2021-08-23 19:02:30,14213,1390
2021-08-22,2021-08-22 19:04:01,14225,1368
2021-08-21,2021-08-21 19:02:30,14220,1149
2021-08-20,2021-08-20 19:02:37,14237,1158
2021-08-19,2021-08-19 19:02:41,14234,1169
2021-08-18,2021-08-18 19:02:54,14204,1217
2021-08-17,2021-08-17 19:02:27,14236,1327
2021-08-16,2021-08-16 19:02:26,14219,1356
2021-08-15,2021-08-15 19:02:51,14230,1295
2021-08-14,2021-08-14 19:03:35,14155,1108
2021-08-13,2021-08-13 19:02:27,12812,999
2021-08-12,2021-08-12 19:02:35,12815,1090
2021-08-11,2021-08-11 19:02:29,12805,1079
2021-08-08,2021-08-08 19:02:34,12815,1127
2021-08-07,2021-08-07 19:02:35,12809,979
2021-08-04,2021-08-04 19:05:21,0,0
2021-08-02,2021-08-02 19:02:38,14235,1321
2021-08-01,2021-08-01 19:02:31,14232,1275
2021-07-31,2021-07-31 19:02:49,14235,1087
2021-07-30,2021-07-30 19:02:30,14231,1099
2021-07-23,2021-07-23 19:02:30,14240,1002
2021-07-22,2021-07-22 19:02:27,12435,896
2021-07-21,2021-07-21 19:02:30,14232,1126
2021-07-20,2021-07-20 19:02:26,14229,1138
2021-07-19,2021-07-19 19:02:29,14231,1239
2021-07-18,2021-07-18 19:02:28,14216,1154
2021-07-17,2021-07-17 19:02:23,14232,1005
2021-07-16,2021-07-16 19:02:29,14231,1002
2021-07-15,2021-07-15 19:02:35,14228,1067
2021-07-14,2021-07-14 19:02:36,9843,715
2021-07-13,2021-07-13 19:02:42,4184,361
2021-07-12,2021-07-12 19:02:27,4052,407
2021-07-11,2021-07-11 19:02:32,3950,330
2021-07-10,2021-07-10 19:02:25,2948,170
2021-07-09,2021-07-09 19:02:28,2329,144
2021-07-08,2021-07-08 19:02:33,2586,153
2021-07-07,2021-07-07 19:02:28,2276,127
2021-07-06,2021-07-06 19:02:28,14712,1163
2021-07-05,2021-07-05 19:02:34,14713,1256
2021-07-04,2021-07-04 19:02:30,14711,1134
2021-07-03,2021-07-03 19:02:31,14712,936
2021-07-02,2021-07-02 19:02:37,14711,955
2021-07-01,2021-07-01 19:02:35,15880,1024
2021-06-30,2021-06-30 19:02:27,15879,1145
2021-06-29,2021-06-29 19:02:32,14458,1077
2021-06-28,2021-06-28 19:03:30,14458,1175
2021-06-27,2021-06-27 19:02:27,14458,1123
2021-06-26,2021-06-26 19:02:31,14458,964
2021-06-25,2021-06-25 19:02:40,14457,942
2021-06-24,2021-06-24 19:02:27,14458,971
2021-06-23,2021-06-23 19:02:38,14460,1008
2021-06-22,2021-06-22 19:02:53,14459,1054
2021-06-17,2021-06-17 19:04:11,15887,1029
2021-06-16,2021-06-16 19:04:39,15885,1115
2021-06-15,2021-06-15 19:04:34,15886,1162
2021-06-14,2021-06-14 19:03:06,15884,1268
2021-06-13,2021-06-13 19:03:59,15884,1213
2021-06-12,2021-06-12 19:04:05,15884,1015
2021-06-11,2021-06-11 19:03:14,15884,963
2021-06-10,2021-06-10 19:12:05,15884,1040
2021-06-09,2021-06-09 19:13:15,15877,1026
2021-06-08,2021-06-08 19:17:15,15881,1087
2021-06-07,2021-06-07 19:33:04,15810,1161
2021-06-06,2021-06-06 19:22:58,15880,1182
2021-06-05,2021-06-05 19:22:39,15880,966
2021-06-04,2021-06-04 19:33:31,15880,952
2021-06-03,2021-06-03 19:45:01,15879,1018
2021-05-31,2021-05-31 19:37:10,15881,1153
2021-05-27,2021-05-27 19:51:40,15882,971
2021-05-26,2021-05-26 19:47:39,15882,1016
2021-05-25,2021-05-25 19:31:50,15880,1085
2021-05-24,2021-05-24 19:31:29,15879,1182
2021-05-23,2021-05-23 19:21:06,15877,1147
2021-05-22,2021-05-22 19:22:49,15878,979
2021-05-21,2021-05-21 19:26:10,15878,890
2021-05-20,2021-05-20 19:22:39,15877,951
2021-04-30,2021-04-30 19:14:50,15866,853
2021-04-29,2021-04-29 19:15:18,15866,913
2021-04-28,2021-04-28 19:18:47,15868,999
2021-04-27,2021-04-27 19:18:36,15868,1031
2021-04-26,2021-04-26 19:18:24,15868,1114
2021-04-25,2021-04-25 19:18:02,15865,1148
2021-04-24,2021-04-24 19:17:17,15867,916
2021-04-23,2021-04-23 19:19:50,15864,857
2021-03-17,2021-03-17 19:41:12,6906,411
2021-03-16,2021-03-16 19:41:10,7332,495
2021-03-15,2021-03-15 19:45:23,6865,497
2021-03-14,2021-03-14 19:40:31,8019,503
2021-03-13,2021-03-13 19:41:02,6925,448
2021-03-12,2021-03-12 19:38:26,7565,348
2021-03-11,2021-03-11 19:42:02,7761,414
2021-03-10,2021-03-10 19:45:23,8599,425
2021-03-09,2021-03-09 19:40:41,7767,423
2021-03-08,2021-03-08 19:41:18,6931,408
2021-03-07,2021-03-07 19:41:59,6983,387
2021-03-06,2021-03-06 19:41:05,8687,321
2021-03-05,2021-03-05 19:46:15,7151,282
2021-03-04,2021-03-04 19:45:20,6829,375
2021-03-03,2021-03-03 19:45:31,6908,345
2021-03-02,2021-03-02 19:45:13,7547,515
2021-03-01,2021-03-01 19:42:47,8471,540
2021-02-28,2021-02-28 19:40:27,8167,593
2021-02-27,2021-02-27 19:40:25,8680,499
2021-02-26,2021-02-26 19:40:28,7787,449
2021-02-25,2021-02-25 19:40:30,8630,491
2021-02-24,2021-02-24 19:40:31,8969,563
2021-02-23,2021-02-23 19:40:36,7770,603
2021-02-22,2021-02-22 19:40:23,7695,591
2021-02-21,2021-02-21 19:40:04,9571,642
2021-02-20,2021-02-20 19:40:11,9405,541
2021-02-19,2021-02-19 19:40:32,9149,468
2021-02-18,2021-02-18 19:40:10,7612,461
2021-02-17,2021-02-17 19:38:39,7500,570
2021-02-16,2021-02-16 19:40:13,7116,559
2021-02-15,2021-02-15 19:40:09,6879,535
2021-02-14,2021-02-14 19:40:10,8545,525
2021-02-13,2021-02-13 19:39:50,8946,479
2021-02-12,2021-02-12 19:40:05,9509,460
2021-02-11,2021-02-11 19:40:12,9569,504
2021-02-10,2021-02-10 19:40:07,7926,469
2021-02-09,2021-02-09 19:40:16,7413,542
2021-02-08,2021-02-08 19:40:12,7937,578
2021-02-07,2021-02-07 19:40:00,8152,552
2021-02-06,2021-02-06 19:39:57,7833,485
2021-02-05,2021-02-05 19:40:02,8964,484
2021-02-04,2021-02-04 19:40:14,8797,487
2021-02-03,2021-02-03 19:45:23,6847,508
2021-02-02,2021-02-02 19:47:32,8969,710
2021-02-01,2021-02-01 19:51:04,8770,684
2021-01-31,2021-01-31 19:50:04,9322,667
2021-01-30,2021-01-30 19:49:47,10366,593
2021-01-29,2021-01-29 19:51:48,9103,605
2021-01-28,2021-01-28 19:51:19,10763,635
2021-01-27,2021-01-27 19:50:22,10424,647
2021-01-26,2021-01-26 19:50:10,10403,687
2021-01-25,2021-01-25 19:05:15,9806,722
2021-01-24,2021-01-24 19:58:21,9069,727
2021-01-23,2021-01-23 19:58:04,10197,556
2021-01-22,2021-01-22 19:59:41,10609,551
2021-01-21,2021-01-21 19:34:35,8048,596
2021-01-20,2021-01-20 19:07:41,10566,640
2021-01-19,2021-01-19 19:03:51,8709,651
2021-01-18,2021-01-18 19:05:25,9475,726
2021-01-17,2021-01-17 19:57:23,9507,681
2021-01-16,2021-01-16 19:57:32,8562,588
2021-01-15,2021-01-15 19:06:45,9714,580
2021-01-14,2021-01-14 19:59:06,7557,572
2021-01-13,2021-01-13 19:36:57,8692,624
2021-01-12,2021-01-12 19:24:03,9732,666
2021-01-11,2021-01-11 19:20:58,9952,702
2021-01-10,2021-01-10 19:19:11,9728,693
2021-01-09,2021-01-09 19:17:55,8648,639
2021-01-08,2021-01-08 19:58:59,9119,620
2021-01-07,2021-01-07 19:58:50,10165,640
2021-01-06,2021-01-06 19:15:23,9475,776
2021-01-05,2021-01-05 19:15:27,10176,864
2021-01-04,2021-01-04 19:39:24,11405,913
2021-01-03,2021-01-03 19:40:39,11065,846
2021-01-02,2021-01-02 19:39:31,10796,752
2021-01-01,2021-01-01 19:40:31,11191,771
2020-12-31,2020-12-31 19:40:50,11176,733
2020-12-30,2020-12-30 19:42:03,11199,726
2020-12-29,2020-12-29 19:41:34,11115,817
2020-12-28,2020-12-28 19:55:41,11550,902
2020-12-27,2020-12-27 19:50:59,10980,899
2020-12-26,2020-12-26 19:50:29,10870,833
2020-12-25,2020-12-25 19:50:19,11508,877
2020-12-24,2020-12-24 19:54:23,11595,787
2020-12-23,2020-12-23 19:52:12,10808,663
2020-12-22,2020-12-22 19:49:28,11312,716
2020-12-21,2020-12-21 19:47:04,11013,742
2020-12-20,2020-12-20 19:44:24,10677,773
2020-12-19,2020-12-19 19:43:20,10725,650
2020-12-18,2020-12-18 19:45:46,11058,609
2020-12-17,2020-12-17 19:43:31,11639,666
2020-12-15,2020-12-15 19:42:13,10974,762
2020-12-14,2020-12-14 19:41:59,5839,395
2020-12-13,2020-12-13 19:41:30,10753,770
2020-12-12,2020-12-12 19:41:17,11645,607
2020-12-11,2020-12-11 19:41:14,11977,598
2020-12-10,2020-12-10 19:41:24,10928,623
2020-12-09,2020-12-09 19:41:03,11740,685
2020-12-08,2020-12-08 19:40:03,10516,686
2020-12-07,2020-12-07 19:40:00,10991,745
2020-12-06,2020-12-06 19:38:54,11372,752
2020-12-05,2020-12-05 19:38:25,10614,554
2020-12-04,2020-12-04 19:38:43,11472,645
2020-12-03,2020-12-03 19:38:37,10409,591
2020-12-02,2020-12-02 19:38:23,11246,663
2020-12-01,2020-12-01 19:31:11,11707,696
2020-11-30,2020-11-30 19:38:22,10900,810
2020-11-29,2020-11-29 19:38:07,10978,736
2020-11-28,2020-11-28 19:38:18,11625,700
2020-11-27,2020-11-27 19:38:12,11519,635
2020-11-26,2020-11-26 19:38:13,11582,661
2020-11-25,2020-11-25 19:38:06,11012,671
2020-11-24,2020-11-24 19:38:05,11219,701
2020-11-23,2020-11-23 19:38:08,12153,689
2020-11-22,2020-11-22 19:38:30,10996,674
2020-11-21,2020-11-21 19:38:34,10395,529
2020-11-18,2020-11-18 19:16:08,8608,428
2020-11-17,2020-11-17 19:38:06,7335,469
2020-11-16,2020-11-16 19:38:18,7392,503
2020-11-15,2020-11-15 19:38:18,7674,455
2020-11-14,2020-11-14 19:38:12,8161,386
2020-11-13,2020-11-13 19:38:16,8408,359
2020-11-12,2020-11-12 19:38:09,8263,394
2020-11-11,2020-11-11 19:38:10,6808,417
2020-11-10,2020-11-10 19:38:16,7638,444
2020-11-09,2020-11-09 19:38:05,7282,474
2020-11-08,2020-11-08 19:38:27,8070,453
2020-11-07,2020-11-07 19:38:36,7711,329
2020-11-06,2020-11-06 19:38:07,7299,376
2020-11-05,2020-11-05 19:38:06,8092,375
2020-11-04,2020-11-04 19:38:06,7613,375
2020-11-03,2020-11-03 19:38:14,8076,399
2020-11-02,2020-11-02 19:38:05,8047,428
2020-11-01,2020-11-01 19:38:04,6432,435
2020-10-31,2020-10-31 19:38:21,7542,361
2020-10-30,2020-10-30 19:38:08,8056,335
2020-10-29,2020-10-29 19:38:12,7461,374
2020-10-28,2020-10-28 19:41:41,8294,391
2020-10-27,2020-10-27 19:41:22,7488,427
2020-10-26,2020-10-26 19:40:29,6844,373
2020-10-25,2020-10-25 19:40:08,6818,354
